Actor	PureVisualStopMotion	Exec|Native|Public
Actor	StopMotion	Exec|Native|Public
Admin	Admin	Defined|Exec|Public
Admin	Kick	Defined|Exec|Public
Admin	KickBan	Defined|Exec|Public
Admin	PlayerList	Defined|Exec|Public
Admin	RestartMap	Defined|Exec|Public
Admin	Switch	Defined|Exec|Public
AliceCheatManager	AllDresses	Defined|Exec|Public
AliceCheatManager	arm	Defined|Exec|Public
AliceCheatManager	ChangeAliceDress	Defined|Exec|Public
AliceCheatManager	ChangeFloatCamera	Defined|Exec|Public
AliceCheatManager	ChangeSlideCamera	Defined|Exec|Public
AliceCheatManager	CollectBlockPuzzle	Defined|Exec|Public
AliceCheatManager	CompleteBlockPuzzle	Defined|Exec|Public
AliceCheatManager	ConstrainedAspectRatio	Defined|Exec|Public
AliceCheatManager	CycleFloat	Defined|Exec|Public
AliceCheatManager	disarm	Defined|Exec|Public
AliceCheatManager	DOF	Defined|Exec|Public
AliceCheatManager	DofBlurAmount	Defined|Exec|Public
AliceCheatManager	Dress	Defined|Exec|Public
AliceCheatManager	DutchAngle	Defined|Exec|Public
AliceCheatManager	EnableAllWeaponsSelect	Defined|Exec|Public
AliceCheatManager	enableInput	Defined|Exec|Public
AliceCheatManager	ExecAlice1	Defined|Exec|Public
AliceCheatManager	forceUnlockAllBink	Defined|Exec|Public
AliceCheatManager	forceUnlockAllCave	Defined|Exec|Public
AliceCheatManager	forceUnlockAllChapter	Defined|Exec|Public
AliceCheatManager	forceUnlockAllEnemy	Defined|Exec|Public
AliceCheatManager	forceUnlockAllMemory	Defined|Exec|Public
AliceCheatManager	forceUnlockAllSecret	Defined|Exec|Public
AliceCheatManager	forceUnlockAllSnout	Defined|Exec|Public
AliceCheatManager	FreeCamera	Defined|Exec|Public
AliceCheatManager	GetAllDresses	Defined|Exec|Public
AliceCheatManager	GetSteamVentParam	Defined|Exec|HasOptionalParms|Public|HasOutParms
AliceCheatManager	Health	Defined|Exec|Public
AliceCheatManager	IA	Defined|Exec|Public
AliceCheatManager	LeaveHysteria	Defined|Exec|Public
AliceCheatManager	LogOutAllPickup	Defined|Exec|Public
AliceCheatManager	NewCycleControl	Defined|Exec|Public
AliceCheatManager	NewHoverControl	Defined|Exec|Public
AliceCheatManager	ResetBlockPuzzle	Defined|Exec|Public
AliceCheatManager	ResetKeys	Defined|Exec|Public
AliceCheatManager	ScaleFOV	Defined|Exec|Public
AliceCheatManager	SecondController	Defined|Exec|Public
AliceCheatManager	SetGlideType	Defined|Exec|Public
AliceCheatManager	sethealth	Defined|Exec|Public
AliceCheatManager	setMaxHealth	Defined|Exec|Public
AliceCheatManager	SetSndVol	Defined|Exec|Public
AliceCheatManager	SetSteamVent	Defined|Exec|HasOptionalParms|Public
AliceCheatManager	SetSteamVentParam	Defined|Exec|HasOptionalParms|Public
AliceCheatManager	setTDLineLength	Defined|Exec|Public
AliceCheatManager	setTDLineNum	Defined|Exec|Public
AliceCheatManager	setTDPitchOffset	Defined|Exec|Public
AliceCheatManager	setTDYawRange	Defined|Exec|Public
AliceCheatManager	setUnshrinkBaseOffsetZ	Defined|Exec|Public
AliceCheatManager	setUSE	Defined|Exec|Public
AliceCheatManager	ShowChessPuzzle	Defined|Exec|Public
AliceCheatManager	showHeadSpeed	Defined|Exec|Public
AliceCheatManager	ShowHitInfo	Defined|Exec|Public
AliceCheatManager	ShowIPRadius	Defined|Exec|Public
AliceCheatManager	ShowJumpPadRadius	Defined|Exec|Public
AliceCheatManager	showKeyBinds	Defined|Exec|Public
AliceCheatManager	showPersistentData	Defined|Exec|Public
AliceCheatManager	showTrophy	Defined|Exec|HasOptionalParms|Public
AliceCheatManager	showVentCylinder	Defined|Exec|Public
AliceCheatManager	SkipBlockPuzzle	Defined|Exec|Public
AliceCheatManager	StreamAllLevelsIn	Defined|Exec|Public
AliceCheatManager	SuperDamage	Defined|Exec|Public
AliceCheatManager	TankControls	Defined|Exec|Public
AliceCheatManager	ToggleGhost	Defined|Exec|Public
AliceCheatManager	ToggleHide	Defined|Exec|HasOptionalParms|Public
AliceCheatManager	ToggleTrace	Defined|Exec|Public
AliceCheatManager	TSOff	Defined|Exec|Public
AliceCheatManager	TSOn	Defined|Exec|Public
AliceCheatManager	Walk	Defined|Exec|Public
AliceGameInfo	CDLevel	Defined|Exec|HasOptionalParms|Public
AliceGameInfo	MakeFullSaveCM	Defined|Exec|Public
AliceGameInfo	Restart	Defined|Exec|Public
AliceGameInfo	UnLockAllChapter	Defined|Exec|Public
AliceGamePawn	EndSpecialMove	Final|Defined|Simulated|Exec|HasOptionalParms|Public
AliceGamePawn	PlaySpeechGesture	Defined|Simulated|Exec|Event|Public
AliceGameSkeletalMeshActorMAT	PlaySpeechGesture	Simulated|Exec|Event|Public
AlicePawn	AliceHairAir	Defined|Exec|Public
AlicePawn	AliceHairWater	Defined|Exec|Public
AlicePawn	AliceStopMotion	Defined|Exec|Public
AlicePawn	DiscardWatch	Defined|Exec|Public
AlicePawn	DrawTargetCone	Defined|Exec|Public
AlicePawn	EnableEndurance	Defined|Exec|Public
AlicePawn	InteractBlockPiece	Defined|Exec|Public
AlicePawn	JumpButtonReleased	Defined|Exec|Public
AlicePawn	KillAllNpc	Defined|Exec|Public
AlicePawn	SetCanSpin	Defined|Exec|Public
AlicePawn	SetClothSpec	Defined|Exec|Public
AlicePawn	SwimmingDressTest	Defined|Exec|Public
AlicePawn	SwitchHowToTriggerFloatMode	Defined|Exec|Public
AlicePawn	SwitchToWaterWalkDress	Defined|Exec|Public
AlicePawn	ThrowWeapon	Defined|Exec|Public
AlicePawn	ToggleCommLink	Defined|Exec|Public
AlicePawn	TriggerFloatDown	Defined|Exec|Public
AlicePawn	TriggerHysteria	Defined|Exec|Public
AlicePlayerController	AbortConversation	Defined|Exec|Public
AlicePlayerController	AW	Defined|Exec|HasOptionalParms|Public
AlicePlayerController	BugItForGameController	Defined|Exec|HasOptionalParms|Public
AlicePlayerController	ChangeCameraMode	Defined|Exec|Public
AlicePlayerController	ChangeCameraModePC	Defined|Exec|Public
AlicePlayerController	ChangeDifficultLevel	Defined|Exec|HasOptionalParms|Public
AlicePlayerController	ChangeShrinkingMode	Defined|Exec|Public
AlicePlayerController	CheshireCatAppear	Defined|Exec|Public
AlicePlayerController	CloneButtonPressed	Defined|Exec|Public
AlicePlayerController	CloneButtonReleased	Exec|Public
AlicePlayerController	CycleFloatInputA	Defined|Exec|Public
AlicePlayerController	CycleFloatInputRB	Defined|Exec|Public
AlicePlayerController	DisableAllDLCWeapons	Defined|Exec|Public
AlicePlayerController	EnableAllDLCWeapons	Defined|Exec|Public
AlicePlayerController	EnterFPS	Defined|Exec|Public
AlicePlayerController	EnterFPSByRS	Defined|Exec|Public
AlicePlayerController	EyeStaffFirePress	Defined|Exec|Public
AlicePlayerController	EyeStaffFireRelease	Defined|Exec|Public
AlicePlayerController	FadeOutTest	Defined|Exec|Public|HasDefaults
AlicePlayerController	FireGiantWeapon	Defined|Exec|Public
AlicePlayerController	FireToLockOn	Defined|Exec|Public
AlicePlayerController	ForceResetCamera	Defined|Exec|Public
AlicePlayerController	GetMapName	Defined|Exec|Public
AlicePlayerController	GiantStomp	Defined|Exec|Public
AlicePlayerController	GiantStompOnButtonB	Defined|Exec|Public
AlicePlayerController	hideHUD	Defined|Exec|Public
AlicePlayerController	HideWeapon	Defined|Exec|Public
AlicePlayerController	HobbyHorseFirePress	Defined|Exec|Public
AlicePlayerController	HobbyHorseFireRelease	Defined|Exec|Public
AlicePlayerController	interactInLondonX	Exec|Public
AlicePlayerController	LowerSalary	Defined|Exec|HasOptionalParms|Public
AlicePlayerController	MeleeAttack	Defined|Exec|Public
AlicePlayerController	MoveBlockPieceA	Exec|Public
AlicePlayerController	MoveBlockPieceB	Exec|Public
AlicePlayerController	Pickup	Defined|Exec|Public
AlicePlayerController	QuitFPS	Defined|Exec|Public
AlicePlayerController	QuitWeaponAttack	Defined|Exec|Public
AlicePlayerController	RaiseSalary	Defined|Exec|HasOptionalParms|Public
AlicePlayerController	RangeWeaponFirePress	Defined|Exec|Public
AlicePlayerController	RangeWeaponFireRelease	Defined|Exec|Public
AlicePlayerController	RightClickAttack	Defined|Exec|Public
AlicePlayerController	RollTest	Defined|Exec|Public
AlicePlayerController	setControlLayout	Defined|Exec|Public
AlicePlayerController	SetPendingWeaponToPiperGrinder	Defined|Exec|Public
AlicePlayerController	SetPendingWeaponToTeapotCannon	Defined|Exec|Public
AlicePlayerController	ShowHUD	Defined|Exec|Public
AlicePlayerController	ShowJournalMenu	Defined|Exec|Public
AlicePlayerController	ShowWeapon	Defined|Exec|Public
AlicePlayerController	StartFire	Defined|Exec|HasOptionalParms|Public
AlicePlayerController	StatUnitAndStatFPS	Defined|Exec|Public
AlicePlayerController	SwitchMeleeWeapon	Defined|Exec|Public
AlicePlayerController	SwitchPCAttackType	Defined|Exec|Public
AlicePlayerController	SwitchToEyeStaff	Defined|Exec|Public
AlicePlayerController	SwitchToHobbyHorse	Defined|Exec|Public
AlicePlayerController	SwitchToLeftLockTarget	Defined|Exec|Public
AlicePlayerController	SwitchToPG	Defined|Exec|Public
AlicePlayerController	SwitchToRightLockTarget	Defined|Exec|Public
AlicePlayerController	SwitchToTC	Defined|Exec|Public
AlicePlayerController	SwitchToTeapotCannon	Defined|Exec|Public
AlicePlayerController	SwitchToVorpalBlade	Defined|Exec|Public
AlicePlayerController	SwitchWeaponGroup	Defined|Exec|Public
AlicePlayerController	TeapotCannonFirePress	Defined|Exec|Public
AlicePlayerController	TeapotCannonFireRelease	Defined|Exec|Public
AlicePlayerController	ToggleAutoTargetOnLivePawn	Defined|Exec|Public
AlicePlayerController	ToggleCloseFollowCamera	Defined|Exec|Public
AlicePlayerController	TogglePOI	Defined|Exec|Public
AlicePlayerController	TriggerBlock	Exec|Public
AlicePlayerController	TriggerBlockPC	Defined|Exec|Public
AlicePlayerController	TryToCancelMatinee	Defined|Exec|Public
AlicePlayerController	TryToSwitchRangeWeapon	Defined|Exec|Public
AlicePlayerController	TurretCannonFire	Defined|Exec|Public
AlicePlayerController	TurretMineFire	Defined|Exec|Public
AlicePlayerController	UnShrinking	Defined|Exec|Public
AlicePlayerController	ViewAsset	Exec|HasOptionalParms|Public
AlicePlayerController	VorpalBladeFirePress	Defined|Exec|Public
AlicePlayerController	VorpalBladeFireRelease	Defined|Exec|Public
AlicePlayerController	WeaponAttack	Defined|Exec|Public
AttachedByNPCs	ChangeCameraMode	Exec|Public
AttachedByNPCs	EyeStaffFirePress	Exec|Public
AttachedByNPCs	EyeStaffFireRelease	Exec|Public
AttachedByNPCs	HobbyHorseFirePress	Exec|Public
AttachedByNPCs	HobbyHorseFireRelease	Exec|Public
AttachedByNPCs	TeapotCannonFirePress	Exec|Public
AttachedByNPCs	TeapotCannonFireRelease	Exec|Public
AttachedByNPCs	TriggerDodge	Defined|Exec|Public
AttachedByNPCs	VorpalBladeFirePress	Exec|Public
AttachedByNPCs	VorpalBladeFireRelease	Exec|Public
CheatManager	AdvanceFrame	Defined|Exec|Public
CheatManager	AffectedByHitEffects	Defined|Exec|Public
CheatManager	AllAmmo	Exec|Public
CheatManager	AllWeapons	Exec|Public
CheatManager	Amphibious	Defined|Exec|Public
CheatManager	Avatar	Defined|Exec|Public
CheatManager	ChangeSize	Defined|Exec|Public
CheatManager	DebugAI	Exec|HasOptionalParms|Public
CheatManager	DebugPause	Defined|Exec|Public
CheatManager	DestroyFractures	Defined|Exec|HasOptionalParms|Public
CheatManager	DumpOnlineSessionState	Defined|Exec|Public
CheatManager	DumpVoiceMutingState	Defined|Exec|Public|HasDefaults
CheatManager	EndPath	Exec|Public
CheatManager	Fly	Defined|Exec|Public
CheatManager	FractureAllMeshes	Defined|Exec|Public
CheatManager	FractureAllMeshesToMaximizeMemoryUsage	Defined|Exec|Public
CheatManager	FreezeFrame	Defined|Exec|Public
CheatManager	fullhealth	Defined|Exec|Public
CheatManager	FXPlay	Defined|Exec|Public
CheatManager	FXStop	Defined|Exec|Public
CheatManager	Ghost	Defined|Exec|Public
CheatManager	GiveWeapon	Defined|Exec|Public
CheatManager	God	Defined|Exec|Public
CheatManager	KillAll	Defined|Exec|Public
CheatManager	KillPawns	Defined|Exec|Public
CheatManager	KillViewedActor	Defined|Exec|Public
CheatManager	ListDynamicActors	Defined|Exec|Public
CheatManager	Loaded	Defined|Exec|Public
CheatManager	LogParticleActivateSystemCalls	Exec|Native|Public
CheatManager	LogPlaySoundCalls	Exec|Native|Public
CheatManager	NavMeshVerification	Defined|Exec|HasOptionalParms|Public
CheatManager	NeverPauseCamera	Defined|Exec|Public
CheatManager	OnlyLoadLevel	Defined|Exec|Public
CheatManager	PerfHUD	Defined|Exec|Public
CheatManager	PlayersOnly	Defined|Exec|Public
CheatManager	RememberSpot	Defined|Exec|Public
CheatManager	SafeFrame	Defined|Exec|Public
CheatManager	SetGravity	Defined|Exec|Public
CheatManager	SetJumpZ	Defined|Exec|Public
CheatManager	SetOnlineDebugLevel	Defined|Exec|Public
CheatManager	SetSpeed	Defined|Exec|Public
CheatManager	Slomo	Defined|Exec|Public
CheatManager	StreamLevelIn	Defined|Exec|Public
CheatManager	StreamLevelOut	Defined|Exec|Public
CheatManager	Summon	Defined|Exec|Public|HasDefaults
CheatManager	Teleport	Defined|Exec|Public|HasDefaults
CheatManager	TestLevel	Defined|Exec|Public
CheatManager	TestNavMeshPath	Defined|Exec|HasOptionalParms|Public|HasDefaults
CheatManager	ToggleDebugCamera	Defined|Exec|Public
CheatManager	ToggleScreenLog	Defined|Exec|Public
CheatManager	VerbosePathDebug	Defined|Exec|Public|HasDefaults
CheatManager	VerifyNavMeshObjects	Exec|Native|Public
CheatManager	ViewActor	Defined|Exec|Public
CheatManager	ViewBot	Defined|Exec|Public
CheatManager	ViewClass	Defined|Exec|Public
CheatManager	ViewFlag	Defined|Exec|Public
CheatManager	ViewPlayer	Defined|Exec|Public
CheatManager	ViewSelf	Defined|Exec|HasOptionalParms|Public
CheatManager	Walk	Defined|Exec|Public
CheatManager	WriteToLog	Defined|Exec|Public
Controller	SwitchToBestWeapon	Defined|Exec|HasOptionalParms|Public
Dead	ChangeShrinkingMode	Exec|Public
Dead	EyeStaffFireRelease	Exec|Public
Dead	HobbyHorseFireRelease	Exec|Public
Dead	Jump	Defined|Exec|Public
Dead	NextWeapon	Exec|Public
Dead	PrevWeapon	Exec|Public
Dead	StartFire	Defined|Exec|HasOptionalParms|Public
Dead	StartFire	Exec|HasOptionalParms|Public
Dead	ThrowWeapon	Exec|Public
Dead	Use	Defined|Exec|Public
Dead	Use	Exec|Public
Dead	VorpalBladeFireRelease	Exec|Public
DebugCameraController	MoreSpeed	Defined|Exec|Public
DebugCameraController	NormalSpeed	Defined|Exec|Public
DebugCameraController	SetFreezeRendering	Defined|Exec|Public
DebugCameraController	ShowDebugSelectedInfo	Defined|Exec|Public
FirstPersonView	TriggerDodge	Defined|Exec|Public
Frozen	ChangeCameraMode	Exec|Public
Frozen	EyeStaffFirePress	Exec|Public
Frozen	EyeStaffFireRelease	Exec|Public
Frozen	HobbyHorseFirePress	Exec|Public
Frozen	HobbyHorseFireRelease	Exec|Public
Frozen	TeapotCannonFirePress	Exec|Public
Frozen	TeapotCannonFireRelease	Exec|Public
Frozen	TriggerDodge	Defined|Exec|Public
Frozen	VorpalBladeFirePress	Exec|Public
Frozen	VorpalBladeFireRelease	Exec|Public
GameInfo	BeginBVT	Defined|Simulated|Exec|HasOptionalParms|Public
GameInfo	DoTravelTheWorld	Defined|Exec|Public
GameInfo	KillBots	Exec|Public
GamePlayerController	CrowdDebug	Defined|Exec|Public
GamePlayerController	CrowdFocus	Defined|Exec|Public
GamePlayerController	CrowdToggle	Defined|Exec|Public
GameUISceneClient	CloseMenu	Defined|Exec|HasOptionalParms|Public
GameUISceneClient	CreateMenu	Defined|Exec|HasOptionalParms|Public
GameUISceneClient	DebugShowMessage	Defined|Exec|HasOptionalParms|Public
GameUISceneClient	OpenMenu	Defined|Exec|HasOptionalParms|Public
GameUISceneClient	RefreshFormatting	Defined|Exec|Public
GameUISceneClient	ShowDataStoreField	Defined|Exec|Public
GameUISceneClient	ShowDataStores	Defined|Exec|HasOptionalParms|Public
GameUISceneClient	ShowDockingStacks	Defined|Exec|Public
GameUISceneClient	ShowMenuProgression	Defined|Exec|Public
GameUISceneClient	ShowMenuStates	Defined|Exec|Public
GameUISceneClient	ShowRenderBounds	Defined|Exec|Public
GameUISceneClient	ToggleDebugInput	Defined|Exec|HasOptionalParms|Public
GameViewportClient	ClearProgressMessages	Defined|Exec|Public
GameViewportClient	DebugCreatePlayer	Defined|Exec|Public
GameViewportClient	DebugRemovePlayer	Defined|Exec|Public
GameViewportClient	SetConsoleTarget	Defined|Exec|Public
GameViewportClient	SetProgressTime	Defined|Exec|Event|Public
GameViewportClient	SetSplit	Defined|Exec|Public
GameViewportClient	ShowTitleSafeArea	Defined|Exec|Public
GameViewportClient	SSSwapControllers	Defined|Exec|Public
Grabbed	ChangeCameraMode	Exec|Public
Grabbed	ChangeShrinkingMode	Exec|Public
Grabbed	EyeStaffFirePress	Exec|Public
Grabbed	EyeStaffFireRelease	Exec|Public
Grabbed	HobbyHorseFirePress	Exec|Public
Grabbed	HobbyHorseFireRelease	Exec|Public
Grabbed	TeapotCannonFirePress	Exec|Public
Grabbed	TeapotCannonFireRelease	Exec|Public
Grabbed	TriggerDodge	Defined|Exec|Public
Grabbed	VorpalBladeFirePress	Exec|Public
Grabbed	VorpalBladeFireRelease	Exec|Public
HUD	SetShowScores	Defined|Exec|Public
HUD	ShowDebug	Defined|Exec|HasOptionalParms|Public
HUD	ShowDebugText	Defined|Exec|Public
HUD	ShowGameDebug	Defined|Exec|Public
HUD	ShowHUD	Defined|Exec|Public
HUD	ShowScores	Defined|Exec|Public
HUD	ToggleHUD	Defined|Exec|Public
Input	SetBind	Defined|Exec|Public|HasOutParms|HasDefaults
MobileHUD	NextMobileInputConfig	Defined|Exec|Public
MobileHUD	ResetMobileInputConfig	Defined|Exec|Public
PlayerBlockPuzzle	MoveBlockPieceA	Defined|Exec|Public
PlayerBlockPuzzle	MoveBlockPieceB	Defined|Exec|Public
PlayerClimbing	ChangeCameraMode	Exec|Public
PlayerClimbing	ChangeShrinkingMode	Exec|Public
PlayerClimbing	StartFire	Exec|HasOptionalParms|Public
PlayerController	BugIt	Defined|Exec|Event|HasOptionalParms|Public|HasDefaults
PlayerController	BugItAI	Defined|Exec|Event|HasOptionalParms|Public|HasDefaults
PlayerController	BugItGo	Defined|Exec|Public|HasDefaults
PlayerController	BugItStringCreator	Defined|Exec|Event|Public|HasOutParms
PlayerController	Camera	Defined|Exec|Public
PlayerController	CauseEvent	Defined|Exec|HasOptionalParms|Public
PlayerController	CE	Defined|Exec|HasOptionalParms|Public
PlayerController	ChangeTeam	Defined|Exec|HasOptionalParms|Public
PlayerController	ConsoleKey	Defined|Exec|Public
PlayerController	DumpOnlineSessionState	Defined|Exec|Public
PlayerController	EnableCheats	Defined|Exec|Public
PlayerController	FOV	Defined|Exec|Public
PlayerController	ListCE	Defined|Exec|Public
PlayerController	ListConsoleEvents	Defined|Exec|Public
PlayerController	LocalTravel	Defined|Exec|Public
PlayerController	LogLoc	Defined|Exec|Public|HasDefaults
PlayerController	Mutate	Defined|Exec|Public
PlayerController	NextWeapon	Defined|Exec|Public
PlayerController	PathChild	Defined|Exec|HasOptionalParms|Public
PlayerController	PathClear	Defined|Exec|Public
PlayerController	PathStep	Defined|Exec|HasOptionalParms|Public
PlayerController	Pause	Defined|Exec|Public
PlayerController	PrevWeapon	Defined|Exec|Public
PlayerController	QuickLoad	Defined|Exec|Public
PlayerController	QuickSave	Defined|Exec|Public
PlayerController	RE	Defined|Exec|HasOptionalParms|Public
PlayerController	RemoteEvent	Defined|Exec|HasOptionalParms|Public
PlayerController	RestartLevel	Defined|Exec|Public
PlayerController	SaveActorConfig	Defined|Exec|Public
PlayerController	SaveClassConfig	Defined|Exec|Public
PlayerController	Say	Defined|Exec|Public
PlayerController	SendToConsole	Defined|Exec|Public
PlayerController	SetAudioGroupVolume	Exec|Native|Public
PlayerController	SetName	Defined|Exec|Public
PlayerController	SetRenderSubtitles	Simulated|Exec|Native|Public
PlayerController	SetShowSubtitles	Simulated|Exec|Native|Public
PlayerController	ShowGameState	Defined|Exec|Public
PlayerController	ShowMenu	Exec|Public
PlayerController	ShowPlayerState	Defined|Exec|Public
PlayerController	Speech	Defined|Exec|Public
PlayerController	StartAltFire	Defined|Exec|HasOptionalParms|Public
PlayerController	StartFire	Defined|Exec|HasOptionalParms|Public
PlayerController	StopAltFire	Defined|Exec|HasOptionalParms|Public
PlayerController	StopFire	Defined|Exec|HasOptionalParms|Public
PlayerController	Suicide	Defined|Exec|Public
PlayerController	SwitchLevel	Defined|Exec|Public
PlayerController	SwitchTeam	Defined|Exec|Public
PlayerController	Talk	Defined|Exec|Public
PlayerController	TeamSay	Defined|Exec|Public
PlayerController	TeamTalk	Defined|Exec|Public
PlayerController	ThrowWeapon	Defined|Exec|Public
PlayerController	Use	Defined|Exec|Public
PlayerController	UTrace	Defined|Exec|Public
PlayerInput	ClearSmoothing	Defined|Exec|Public
PlayerInput	InvertMouse	Defined|Exec|Public
PlayerInput	InvertTurn	Defined|Exec|Public
PlayerInput	Jump	Defined|Exec|Public
PlayerInput	SetSensitivity	Defined|Exec|Public
PlayerInput	SmartJump	Defined|Exec|Public
PlayerInteractInLondon	interactInLondonX	Defined|Exec|Public
PlayerJumpPad	LaunchFromJumpPad	Defined|Exec|Public
PlayerLockOnTarget	DodgePC	Defined|Exec|Public
PlayerLockOnTarget	ShieldBeakButtonPressedWhenLockOn	Defined|Exec|Public
PlayerLockOnTarget	ShieldBeakButtonReleasedWhenLockOn	Defined|Exec|Public
PlayerLockOnTarget	TriggerBlock	Defined|Exec|Public
PlayerLockOnTarget	TriggerDodge	Defined|Exec|Public
PlayerRoll	BoostRoll	Defined|Exec|Public
PlayerRoll	ChargePinballCannon	Defined|Exec|Public
PlayerRoll	HeadSwitchEject	Defined|Exec|Public
PlayerRoll	ShootPinball	Defined|Exec|Public
PlayerSlide	ChangeCameraMode	Exec|Public
PlayerSlide	ChangeShrinkingMode	Exec|Public
PlayerSlide	StartFire	Exec|HasOptionalParms|Public
PlayerSwimming	BoostSwim	Defined|Exec|Public
PlayerSwimming	ChangeCameraMode	Exec|Public
PlayerSwimming	ChangeShrinkingMode	Exec|Public
PlayerSwimming	NextWeapon	Exec|Public
PlayerSwimming	PrevWeapon	Exec|Public
PlayerSwimming	StartFire	Exec|HasOptionalParms|Public
PlayerSwimming	SwimAttack	Defined|Exec|Public
PlayerSwimming	SwimTurnBack180	Defined|Exec|Public
PlayerWaiting	Jump	Exec|Public
PlayerWaiting	NextWeapon	Exec|Public
PlayerWaiting	PrevWeapon	Exec|Public
PlayerWaiting	StartFire	Defined|Exec|HasOptionalParms|Public
PlayerWaiting	Suicide	Exec|Public
PlayerWaiting	SwitchToBestWeapon	Exec|HasOptionalParms|Public
PlayerWalking	ShowSpline	Defined|Exec|Public
PlayerWalking	StartClockBombContextAction	Defined|Exec|Public
PlayerWalking	StartContextAction	Defined|Exec|Public
PlayerWalking	TiggerSprint	Exec|Public
PlayerWalking	ToggleSonar	Defined|Exec|Public
PlayerWalking	TriggerDodge	Defined|Exec|Public
RoundEnded	StartFire	Defined|Exec|HasOptionalParms|Public
RoundEnded	Suicide	Exec|Public
RoundEnded	ThrowWeapon	Exec|Public
RoundEnded	Use	Exec|Public
SeqAct_Chapterpoint	LoadChapterPoint	Defined|Exec|Public
SeqAct_Checkpoint	LoadCheckpoint	Exec|Public
SeqAct_Checkpoint	SaveCheckpoint	Defined|Exec|Public
SkeletalMeshActor	PlaySpeechGesture	Defined|Simulated|Exec|Event|Public
SkeletalMeshActorMAT	PlaySpeechGesture	Defined|Simulated|Exec|Event|Public
Spectating	RestartLevel	Exec|Public
Spectating	StartAltFire	Defined|Exec|HasOptionalParms|Public
Spectating	StartFire	Defined|Exec|HasOptionalParms|Public
Spectating	Suicide	Exec|Public
Spectating	ThrowWeapon	Exec|Public
WaitingForPawn	StartFire	Defined|Exec|HasOptionalParms|Public
