Engine.u	Controller.InitPlayerReplicationInfo	1C:Actor.Spawn
Engine.u	Camera.PostBeginPlay	1C:Actor.Spawn
Engine.u	Camera.AddCameraLensEffect	1C:Actor.Spawn
Engine.u	PlayerController.SpawnCoverReplicator	1C:Actor.Spawn
Engine.u	PlayerController.SpawnDefaultHUD	1C:Actor.Spawn
Engine.u	PlayerController.InitInputSystem	1C:Object.DynamicLoadObject
Engine.u	PlayerController.ClientSetHUD	1C:Actor.Spawn
Engine.u	PlayerController.SpawnPlayerCamera	1C:Actor.Spawn
Engine.u	PlayerController.GetPlayerViewPoint	1C:Actor.Spawn
Engine.u	PlayerController.SaveClassConfig	1C:Object.DynamicLoadObject
Engine.u	Pawn.PostBeginPlay	1C:Actor.Spawn
Engine.u	Pawn.SpawnDefaultController	1C:Actor.Spawn
Engine.u	Pawn.OnAssignController	1C:Actor.Spawn
Engine.u	Pawn.OnGiveInventory	1C:Pawn.CreateInventory
Engine.u	CheatManager.Summon	1C:Object.DynamicLoadObject;1C:Actor.Spawn
Engine.u	CheatManager.GiveWeapon	1C:Object.DynamicLoadObject;1C:Pawn.CreateInventory
Engine.u	CheatManager.EnableDebugCamera	1C:Actor.Spawn
Engine.u	PhysicsVolume.PostBeginPlay	1C:Actor.Spawn
Engine.u	WorldInfo.PreBeginPlay	1C:Object.DynamicLoadObject;1C:Actor.Spawn;1C:Object.DynamicLoadObject;1C:Actor.Spawn;1C:Object.DynamicLoadObject;1C:Actor.Spawn;1C:Object.DynamicLoadObject;1C:Actor.Spawn
Engine.u	Console.Initialized	1C:Object.DynamicLoadObject;1C:Object.DynamicLoadObject
Engine.u	DebugCameraController.PostBeginPlay	1C:Actor.Spawn
Engine.u	HUD.SpawnScoreBoard	1C:Actor.Spawn
Engine.u	PlayerInput.PlayerInput	1B:GameInfo.RestartPlayer
Engine.u	GameInfo.PreBeginPlay	1C:Actor.Spawn
Engine.u	GameInfo.GetCoverReplicator	1C:Actor.Spawn
Engine.u	GameInfo.InitGame	1C:Actor.Spawn;1C:Object.DynamicLoadObject;1C:Actor.Spawn;1C:Actor.Spawn;1C:Actor.Spawn
Engine.u	GameInfo.AddMutator	1C:Object.DynamicLoadObject;1C:Actor.Spawn
Engine.u	GameInfo.SpawnPlayerController	1C:Actor.Spawn
Engine.u	GameInfo.SpawnDefaultPawnFor	1C:Actor.Spawn
Engine.u	GameInfo.BeginBVT	1C:Actor.Spawn
Engine.u	GameUISceneClient.RestoreMenuProgression	1C:Object.DynamicLoadObject
Engine.u	GameUISceneClient.OpenMenu	1C:Object.DynamicLoadObject
Engine.u	GameViewportClient.CreatePlayer	1C:GameViewportClient.AddLocalPlayer
Engine.u	Inventory.DropFrom	1C:Actor.Spawn
Engine.u	InventoryManager.CreateInventory	1C:Actor.Spawn
Engine.u	LadderVolume.PawnEnteredVolume	1C:Actor.Spawn
Engine.u	LadderVolume.PhysicsChangedFor	1C:Actor.Spawn
Engine.u	OnlinePlaylistManager.DownloadPlaylist	1B:Actor.Spawn
Engine.u	PhysXDestructibleActor.SpawnEffects	1C:Actor.Spawn
Engine.u	PickupFactory.SpawnCopyFor	1C:Actor.Spawn
Engine.u	PlayerReplicationInfo.Duplicate	1C:Actor.Spawn
Engine.u	UIDataStore_OnlineGameSearch.Init	1B:Actor.Destroy
Engine.u	WaterVolume.PlayEntrySplash	1C:Actor.Spawn
Engine.u	WaterVolume.PlayExitSplash	1C:Actor.Spawn
Engine.u	Weapon.ProjectileFire	1C:Actor.Spawn;1C:Actor.Spawn
Engine.u	OnlineSubsystem.PostInit	1C:Object.DynamicLoadObject
GameFramework.u	GameAIController.AILog_Internal	1C:Actor.Spawn
GameFramework.u	GameCrowdPopulationManager.CreateNewAgent	1C:Actor.Spawn
GameFramework.u	SeqAct_GameCrowdPopulationManagerToggle.FindPopMgrTarget	1C:Actor.Spawn
GameFramework.u	SeqAct_GameCrowdSpawner.CreateNewAgent	1C:Actor.Spawn
IpDrv.u	WebServer.PostBeginPlay	1C:Object.DynamicLoadObject
Kynapse.u	KynapseAIController.Possess	1C:Controller.Possess
AliceGame.u	Alice2DTurret.Fire	1C:Actor.Spawn
AliceGame.u	Alice2DTurret.PlayFireEffect	1C:Actor.Spawn
AliceGame.u	Alice2DTurretMine.Fire	1C:Actor.Spawn
AliceGame.u	Alice2DTurretMine.PlayMineExplodeEffect	1C:Actor.Spawn;1C:Actor.Spawn
AliceGame.u	AliceBlockPiece.playDisappearPS	1C:Actor.Spawn
AliceGame.u	AliceBlockPiece.TriggerMovingEffect	1C:Actor.Spawn
AliceGame.u	AliceBlockPuzzleBoard.InitAssamble	1C:Actor.Spawn
AliceGame.u	AliceChessBlackPiece.playBreakPS	1C:Actor.Spawn
AliceGame.u	AliceChessWhitePiece.playBreakPS	1C:Actor.Spawn
AliceGame.u	AliceGamePawn.WeaponListInit	1C:Actor.Spawn;1C:Actor.Spawn
AliceGame.u	AliceGamePawn.PlayFootStepWaterEffect	1C:Actor.Spawn
AliceGame.u	AliceGameWeaponBase.PlayPhysicalMaterialEffect	1C:Actor.Spawn;1C:Actor.Spawn;1C:Actor.Spawn;1C:Actor.Spawn
AliceGame.u	AliceGameWeaponBase.PlayPhysicalMaterialHitWall	1C:Actor.Spawn;1C:Actor.Spawn
AliceGame.u	AlicePawn.PostBeginPlay	1C:Actor.Spawn;1C:Actor.Spawn
AliceGame.u	AlicePawn.PlayLandedParticle	1C:Actor.Spawn
AliceGame.u	AlicePawn.SmokeParticleTest	1C:Actor.Spawn
AliceGame.u	AlicePawn.PlayGlideParticle	1C:Actor.Spawn
AliceGame.u	AlicePawn.PlayGlideBeginParticle	1C:Actor.Spawn
AliceGame.u	AlicePawn.PlayParticle	1C:Actor.Spawn
AliceGame.u	AlicePawn.GetCheshireCatSkelActor	1C:Actor.Spawn
AliceGame.u	AlicePawn.CreateGhost	1C:Actor.Spawn
AliceGame.u	AlicePawn.AttachUmbrella	1C:Actor.Spawn
AliceGame.u	AliceGameInfo.PostBeginPlay	1C:Actor.Spawn;1C:Actor.Spawn
AliceGame.u	AliceGameInfo.SpawnDefaultPawnFor	1C:Actor.Spawn
AliceGame.u	AlicePlayerController.Possess	1C:PlayerController.Possess
AliceGame.u	AlicePlayerController.GetCameraMagnets	1C:Actor.Spawn;1C:Actor.Spawn
AliceGame.u	AlicePlayerController.CloneAlice	1C:Actor.Spawn
AliceGame.u	AlicePlayerController.AddNewAliceWeapon	1C:Actor.Spawn
AliceGame.u	AlicePlayerController.InitTargetingModes	1C:Actor.Spawn;1C:Actor.Spawn;1C:Actor.Spawn;1C:Actor.Spawn
AliceGame.u	AlicePlayerController.UnShrinking	1C:Actor.Spawn
AliceGame.u	AlicePlayerController.AttachedByNPCs.TakeDurationDamage	1C:Actor.Spawn
AliceGame.u	AlicePlayerController.StartSlideParticle	1C:Actor.Spawn
AliceGame.u	AlicePlayerController.PlaySlideParticle	1C:Actor.Spawn
AliceGame.u	AlicePlayerController.RespawnAlice	1C:Actor.Spawn;1C:Actor.Spawn
AliceGame.u	AlicePlayerController.PlayDeadEffect	1C:Actor.Spawn
AliceGame.u	AlicePlayerController.Dead.BeginState	1C:Actor.Spawn
AliceGame.u	AlicePlayerController.LoadingBinkIsFinished	1C:Actor.Spawn
AliceGame.u	WeaponForAlice.PlayShieldPhysicsMaterialEffect	1C:Actor.Spawn;1C:Actor.Spawn
AliceGame.u	WeaponForAlice.PlayMeleeAttackEffectOnAttachedActor	1C:Actor.Spawn;1C:Actor.Spawn
AliceGame.u	AliceCycleFloatManager.PlayFloatFailParticle	1C:Actor.Spawn
AliceGame.u	AliceCycleFloatManager.PlayJumpParticle	1C:Actor.Spawn
AliceGame.u	AliceCycleFloatManager.SpawnFloatParticle	1C:Actor.Spawn
AliceGame.u	AliceDroppedItemPickup.PostBeginPlay	1C:Actor.Spawn
AliceGame.u	AliceGameCrowdAgent.Tick	1C:Actor.Spawn
AliceGame.u	AliceGameProjectile.PostBeginPlay	1C:Actor.Spawn
AliceGame.u	AliceGameProjectile.SpawnExplosionDecal	1C:Actor.Spawn;1C:Actor.Spawn
AliceGame.u	AliceGameProjectile.PlayExplosionEffect	1C:Actor.Spawn;1C:Actor.Spawn
AliceGame.u	AliceGameProjectile.PlayLineCheckExplosionEffect	1C:Actor.Spawn;1C:Actor.Spawn
AliceGame.u	AliceHobbyHorseGhost.PlayPhysicalMaterialEffect	1C:Actor.Spawn;1C:Actor.Spawn
AliceGame.u	AliceHobbyHorseGhost.PlayShieldPhysicsMaterialEffect	1C:Actor.Spawn;1C:Actor.Spawn
AliceGame.u	AliceProjectile.PlayShieldExplosionEffect	1C:Actor.Spawn;1C:Actor.Spawn
AliceGame.u	AliceProjectile.PlayLineCheckShieldExplosionEffect	1C:Actor.Spawn;1C:Actor.Spawn
AliceGame.u	AliceVentActor.PostBeginPlay	1C:Actor.Spawn
AliceGame.u	AliceVentActor.playCatchParticle	1C:Actor.Spawn
AliceGame.u	AliceVentActor.onAliceJump	1C:Actor.Spawn
AliceGame.u	AliceVopalBladeGhost.PlayPhysicalMaterialEffect	1C:Actor.Spawn;1C:Actor.Spawn;1C:Actor.Spawn
AliceGame.u	AliceVopalBladeGhost.PlayShieldPhysicsMaterialEffect	1C:Actor.Spawn;1C:Actor.Spawn
AliceGame.u	AliceWeaponPickupFactory.SpawnCopyFor	1C:Actor.Spawn
AliceGame.u	ASM_DoubleJump.PlayParticle	1C:Actor.Spawn
AliceGame.u	ASM_JumpPad.PlayJump	1C:Actor.Spawn
AliceGame.u	ASM_JumpPadPhysics.PlayJump	1C:Actor.Spawn
AliceGame.u	NpcProjectile.PlayShieldExplosionEffect	1C:Actor.Spawn;1C:Actor.Spawn
AliceGame.u	ContextActor.CreateEmitter	1C:Actor.Spawn
AliceGame.u	CycleFloatIndicatorManager.startEffect	1C:Actor.Spawn
AliceGame.u	DollMakerProjectile.SpawnCauseDamageActor	1C:Actor.Spawn
AliceGame.u	DropItemsFactory.SpawnPickups	1C:Actor.Spawn;1C:Actor.Spawn;1C:Actor.Spawn;1C:Actor.Spawn
AliceGame.u	GameBreakableActor.PawnSubObjects	1C:Actor.Spawn;1C:Actor.Spawn
AliceGame.u	GameBreakableActor.BreakStepApart	1C:Actor.Spawn
AliceGame.u	GameBreakableActor.BreakLastApart	1C:Actor.Spawn
AliceGame.u	GameBreakableActor.DropPickups	1C:Actor.Spawn
AliceGame.u	EyeStaff.NormalFire	1C:Actor.Spawn
AliceGame.u	FishNodeActor.GetHitState.BeginState	1C:Actor.Spawn
AliceGame.u	FloatingMine.PlayMineExplodeEffect	1C:Actor.Spawn
AliceGame.u	JumpPadPhysics.PostBeginPlay	1C:Actor.Spawn
AliceGame.u	WeaponForNPC.PlayShieldPhysicsMaterialEffect	1C:Actor.Spawn;1C:Actor.Spawn
AliceGame.u	PepperGrinderAlternateProjectile.SpawnCauseDamageActor	1C:Actor.Spawn
AliceGame.u	PinballCannon.ShootOut	1C:Actor.Spawn
AliceGame.u	PressurePad.PlayFxEffect	1C:Actor.Spawn
AliceGame.u	PressurePad.Tick	1C:Actor.Spawn
AliceGame.u	SeqAct_SetDeath.PlayerAliceDeathParticle	1C:Actor.Spawn
AliceGame.u	ShrinkFlowerInteractive.DropPickup	1C:Actor.Spawn
AliceGame.u	SpikeFish.PlayParticle	1C:Actor.Spawn
AliceGame.u	TurretBomb.PlayTrailParticle	1C:Actor.Spawn
AliceGame.u	AliceGameKynapsePawn.Died	1C:Actor.Spawn
AliceGame.u	AliceGameKynapsePawn.PlayRagDollPMEffect	1C:Actor.Spawn
